original_review_id,source,country,rating,review,discovery_score,rating_bonus,priority_score,categories,matched_terms
5794,Apple App Store,AU,3,Wish it would give me more range in music not just repeat the same song over and over again. Discover weekly and release radar seems to be so repetitive and starting to get boring. Even the smart shuffle just cycles the same songs,69,2,71,"discovery,repetition,playlist","boring,discover,discover weekly,over and over,release radar,repeat,repetitive,same song,same songs,shuffle,smart shuffle"
3153,Google Play,IN,5,"Spotify is the best for discovering new music. The Daily Mix, Discover Weekly, and Release Radar always put me on to new K-pop, indie, and chill tracks I end up loving.",38,0,38,"discovery,playlist,artist","daily mix,discover,discover weekly,indie,new music,release radar"
5433,Apple App Store,US,5,"Seriously if someone told me, I could only use one app for the rest of my life this would be it. Their Radio suggestions are incredible. The Discover weekly playlist that has custom curated for you. Every week is beautiful and the release radar playlist is major for finding new sauce for mix. Feels like every time I wish there were a certain feature, they read my mind, figure it out, and add it. (for example adding a song to multiple playlists at once) thank you for being the greatest and most essential app of all time. Take my money forever. Dang.",29,0,29,"discovery,playlist","discover,discover weekly,playlist,playlists,radio,release radar"
605,Google Play,IN,2,"It's gotten worse with time Podcasts- autoplay used to go through my followed list and play next un-listened to, no replays already listened to content Needs a ""remove from suggested"" option Plays the same songs over and over in most of my Spotify created playlists Would like the option to listen to a variety of genres in a Spotify made playlist I pay for a family plan but only one person can listen to audiobooks",26,3,29,"discovery,repetition,playlist","genres,over and over,playlist,playlists,same songs,variety"
765,Google Play,IN,4,"I listen to everything—from high-energy Phonk and hype bangers to chill study tracks and soulful classics. Spotify’s algorithm handles my diverse music taste perfectly. The personalized mixes and ""Recommended Stations"" always introduce me to great new music based on what I’m currently vibing with, and the UI makes it easy to jump between totally different moods. However, the amount of ads on the free tier is getting out of hand. It completely breaks the vibe when you go from a smooth, emotional.",27,1,28,"discovery,recommendation,personalization","algorithm,diverse,music taste,new music,personalized,recommended,taste"
6489,Apple App Store,CA,3,"While I’m a long-term fan and heavy user of the platform, persistent dissatisfaction has accompanied the experience on 3 main points.   Firstly the interface continues in a dated idea of how modern UI can be.  Second, the home page and the suggestions of what I might like have always offered me so much of what I have never and won’t ever listen to.  Lastly that singular option of a ridiculous voice and manner of the ai DJ.  It’s absurd and jarring.  
That said, other aspects of the algorithm are great.  Discover Weekly has given me so much over the years, so for now it remains the home of my countless playlists.",26,2,28,"discovery,recommendation,playlist","ai dj,algorithm,discover,discover weekly,playlists"
5211,Apple App Store,US,1,I added new songs list to my playlist and the shuffle keeps repeating the same old songs over and over,23,4,27,"discovery,repetition,playlist","new songs,over and over,playlist,repeating,shuffle"
510,Google Play,IN,5,"Spotify makes discovering and enjoying music effortless. The recommendations are spot-on, playlists like Discover Weekly always introduce something new, and offline downloads are perfect for travel. Podcasts add even more variety. Smooth interface, great sound quality, and it fits seamlessly into daily life. Genuinely hard to imagine music without it.",25,0,25,"discovery,recommendation,playlist","discover,discover weekly,playlists,recommendations,variety"
6517,Apple App Store,CA,4,Everything is great except the AI DJ. Its super annoying always plays the same songs instead of at least playing some other songs from the same artist. You could do much better!,24,1,25,"repetition,playlist,artist","ai dj,artist,same artist,same songs"
4645,Google Play,IN,1,It really sucks right now. My music keeps pausing on its own and I can't see what song is playing. Just too many issues with new updates Edit: works a lot better since this review however the same songs on my Playlist keeps playing all the time on shuffle. I tried clearing cache but the same thing keeps happening,21,4,25,"repetition,playlist,personalization","keeps playing,my music,playlist,same songs,shuffle"
3194,Google Play,IN,5,"Spotify is enjoyable music app with a wide variety of songs, podcasts and playing. It is easy to use and helps unders discover new artist, trending songs and personalised recommendations. You can save favourite songs and listen to music anytime.",23,0,23,"discovery,recommendation,artist","artist,discover,new artist,recommendations,variety"
3557,Google Play,IN,1,Shuffle doesnt work. it plays the same songs over and over in the same order too. even on premium. canceling my subscription,18,4,22,"repetition,playlist","over and over,same songs,shuffle"
5864,Apple App Store,AU,5,"I love that I can go from gospel and worship playlists in the morning, to lofi/ambient while I’m working, then random “unfitting” throwbacks at night without skipping a beat. Spotify just gets that my day isn’t one mood. The mixes + Discover Weekly keep feeding me new spiritual artists I’d never find otherwise, plus all my weird niche stuff too. It’s like having every version of me in one app.",20,0,20,"discovery,playlist,personalization,artist","artists,discover,discover weekly,mood,playlists"
5991,Apple App Store,AU,4,The shuffle can just give the same songs over and over again,18,1,19,"repetition,playlist","over and over,same songs,shuffle"
6225,Apple App Store,CA,4,Love the app but the shuffling feature needs to be fixed still. I feel like I always listen to the same artist in my playlists for several songs before it changes to a different artist. Just for it to do the same thing over and over again.,18,1,19,"repetition,playlist,artist","artist,over and over,playlists,same artist"
676,Google Play,IN,3,"The app won't let me go to the next song. keeps playing the same song on repeat, stays stuck on the loop button",17,2,19,repetition,"keeps playing,repeat,same song"
4564,Google Play,IN,2,"Buggy app, requires stronger internet signal than most video streaming sites despite only streaming audio, very poor interface in terms of finding new music, repeats songs back to you on song radio. Would avoid if I wasn't already so committed. edit: thank you for offering non-personalised options for playlists, step in the right direction",16,3,19,"discovery,repetition,playlist","new music,playlists,radio,repeats"
548,Google Play,IN,1,edit 2026 in a playlist of over 800 songs the player seems to get stuck in a loop of 50-60 songs it just repeats over and over... can you not sort this out?! .....song s played added to list until all song have been played. starting to hate listening to my playlists. 😮‍💨 and now they demanding a home address after year of use.....we have duo plan we have the same surname....if I'm have to enter an address I will be cancelling our plan and heading back to an MP3 player and physical media......,15,4,19,"repetition,playlist","over and over,playlist,playlists,repeats"
1837,Google Play,IN,1,too difficult to discover new music. it seems shuffle mode plays the same stuff in same order,15,4,19,"discovery,playlist","discover,new music,shuffle"
5182,Apple App Store,US,1,"Has a good variety of music. Issues are that they aren’t secure— recent trending songs such as Terranova get hacked. 

You can’t select what you want to listen to, you can’t skip ads (you get 2 each 1-2 songs), and want all your money.

Developers failed to pay artists so they started giving us unstoppable ads, limited selection of our music, forced shuffles, etc. Find better ways to pay artists and earn money. I couldn’t believe picking a rock song would bring me to K-POP that isn’t made by PSY. 

Not only they are using our money to poorly pay other artists, they are funding useless projects/updates having to do with the app, such as virtual DJs and AI. 

Wow… get better. I don’t recommend the app. Listen to music on the radio or save it as a MP3.",15,4,19,"discovery,recommendation,playlist,artist","artists,radio,recommend,variety"
1069,Google Play,IN,5,"The bestt app music ever Spotify. The absolute king of music streaming. The personalized playlists, like Discover Weekly, are spot-on, and the transition between devices is seamless. The massive library of music and podcasts keeps me entertained all day.",18,0,18,"discovery,recommendation,playlist","discover,discover weekly,personalized,playlists"
3822,Google Play,IN,5,"Spotify is one of the best music apps I’ve ever used. It is very easy to find songs, playlists, and podcasts based on my mood. The sound quality is great, and I really like the personalized recommendations. It makes listening to music much more enjoyable every day.",18,0,18,"discovery,recommendation,playlist,personalization","find songs,mood,personalized,playlists,recommendations"
3504,Google Play,IN,2,"playback constantly buffers mid-song, shuffle repeats the same songs, no option to save queue",15,3,18,"repetition,playlist","repeats,same songs,shuffle"
5788,Apple App Store,AU,1,"No matter what settings you change to shuffle your songs - the algorithm with continue to play the same songs, even in the same order.",14,4,18,"recommendation,repetition,playlist","algorithm,same songs,shuffle"
5865,Apple App Store,AU,1,"I don’t know but it was never like this but I thought Spotify was great and amazing but it’s just forcing me to have premium and I can’t turn off smart shuffle and it won’t ever play the playlist I want the songs from the playlist just sits there never played all there is, is random songs playing and it’s pissing me off

I ABSOLUTELY HATE THAT I CANT USE SPOTIFY THE SAME WAY BEFORE

Playing Apple Music forever till this problem is fixed

In my opinion smart shuffle wasn’t my favourite and today the album I wanted to listen to wasn’t being able to play because smart shuffle was in the way and I absolutely hate this problem like I felt like writing this so I am

THANKS FOR RUINING MY DAY!!!!!
I’m so happy now!!!!!!!!!!!!!! JUST WOW SPOTIFY",14,4,18,playlist,"playlist,shuffle,smart shuffle"
6250,Apple App Store,CA,5,I saw his music on smart shuffle and fell in love with it thanks to smart shuffle. Spotify also has a wide variety of music for you to listen too love it so much. (I’m not a facebook mom),17,0,17,"discovery,playlist","shuffle,smart shuffle,variety"
4586,Google Play,IN,4,"Ai DJ sucks, the algorithm only seems to go by what you tend to listen to instead of musical theory of any sort. Huge changes from Die Prinzen to Green Day, when I wanted to listen to Die Prinzen and similar German pop rock bands. Other than that I would reccomend the premium version if you listen to a lot of music, the regular algorithms seem to do quite well when you want to listen to a specific artist or genre.",16,1,17,"discovery,recommendation,playlist,artist","ai dj,algorithm,artist,genre"
4333,Google Play,IN,2,adding random songs that not even in my playlist and I didn't do any type of shuffle to make it do so I have Spotify premium already and it's not the smart shuffle it just adds random Songs when I skip,14,3,17,playlist,"playlist,shuffle,smart shuffle"
713,Google Play,IN,1,"Spotify used to be all about the USER discovering new music/artists. Now its just an algorithm that trys to tell me what i should like. Removing ""Whats New"" in favor of a playlist that again tells me what i should want to listen to is a downgrade not an upgrade. Most your ""updates"" these days are usually just to streamline everything making it all so simple minded/thoughtless it actually makes the experience of using the app worse.",13,4,17,"discovery,recommendation,playlist,artist","algorithm,artists,new music,playlist"
2114,Google Play,IN,1,I would like a feature to disable AI music! Or at lest some sort of mark on the profile that shows who is AI. It annoys the heck out of me when the discover list has AI music on there. It's disgusting! Update: to make matters worse! There is now a bad AI DJ? And my Spotify is not working at all on the phone while I am offline? It's pitch black? What's that about? Seems like Spotify wants us to boycott them! I miss Spotify from 10 years ago.,13,4,17,"discovery,playlist","ai dj,discover"
2496,Google Play,IN,1,dogshit app that will play the same 10 songs on repeat over and over despite shuffling a 12+ hour playlist over 30 times. never actually truly shuffles.,13,4,17,"repetition,playlist","over and over,playlist,repeat"
4739,Google Play,IN,1,"With over 2k songs on my playlist, Spotify will still play the same fifty songs over and over. No matter if shuffle is activated. Please fix this.",13,4,17,"repetition,playlist","over and over,playlist,shuffle"
6122,Apple App Store,AU,1,There should be a setting to exclude the AI songs from the suggestions that are made to me or placed on my discovery mode. I want to be able to find new artists without having to review if they actually exist.,13,4,17,"discovery,artist","artists,discovery,new artists"
5404,Apple App Store,US,5,Spotify is always up to date on new music even if it was released one minute ago it makes sure the song is there. Spotify creates playlists for you based of your past or more recent music genre/taste and it’s really convenient because if you don’t want to take time to create a playlist then Spotify already has one ready.,16,0,16,"discovery,playlist,personalization","genre,new music,playlist,playlists,taste"
6899,Apple App Store,SG,5,"1. Spotify is an excellent music streaming platform with a vast library of songs, podcasts, and playlists.
2. Its personalized recommendations and curated playlists make discovering new music easy and enjoyable.
3. The app offers smooth playback, offline listening, and a user-friendly interface for a great listening experience.",16,0,16,"discovery,recommendation,playlist","new music,personalized,playlists,recommendations"
2529,Google Play,IN,3,"having only smart shuffle sucks. The ads breaks are very frequent and I always get 4 in a row. The limit of having only 6 skips every hour isn't a issue for me most of the time because I love all the songs in my playlist, however I can realize why others would hate this for how restricting it is. What does bother me is having only 6 songs you can choose a day is the worst thing I have ever heard of, just increase the amount of listens or decrease the limit to every hour please I beg of you.",14,2,16,playlist,"playlist,shuffle,smart shuffle"
914,Google Play,IN,2,the shuffle makes the same Playlist with the same songs,13,3,16,"repetition,playlist","playlist,same songs,shuffle"
1656,Google Play,IN,2,despite having over 1 thousand songs on my playlist the same songs come on lots during shuffle. how is this possible?,13,3,16,"repetition,playlist","playlist,same songs,shuffle"
2190,Google Play,IN,2,The music player on my phone completely breaks whenever I listen to discover weekly. Ads pop up that block the album cover.,13,3,16,"discovery,playlist","discover,discover weekly"
2521,Google Play,IN,1,"nice app,BUT ITS WONT LET ME LISTEN TO THE SON I WANT,i hat this weird ""smart shuffle"",and the only way to get out from it is to get a premium,I HATE IT",12,4,16,playlist,"shuffle,smart shuffle"
2546,Google Play,IN,1,Get rid of smart shuffle,12,4,16,playlist,"shuffle,smart shuffle"
4698,Google Play,IN,1,"stop playing recommend songs. I can barely even listen to my own playlist Keeps playing songs that are not on my playlist and when I try to choose a song on my playlist it won't change just says get premium to play any song, I am not wasting money on premium",12,4,16,"recommendation,repetition,playlist","keeps playing,playlist,recommend"
4730,Google Play,IN,1,smart shuffle is really not it😑,12,4,16,playlist,"shuffle,smart shuffle"
6190,Apple App Store,AU,1,And repeats.  Too expensive. Disliking a song on release radar does nothing,12,4,16,"repetition,playlist","release radar,repeats"
6831,Apple App Store,SG,1,You pay for nothing. Smart shuffle is forever taking over your music with things that do not make any sense or even link to your music in any way. Sometimes I feel basic spotify is better (and the premium app icon sucks),12,4,16,playlist,"shuffle,smart shuffle"
649,Google Play,IN,5,"The music recommendations are surprisingly accurate. I always discover songs that match my taste, and the playlists are great for different moods.",15,0,15,"discovery,recommendation,playlist,personalization","discover,playlists,recommendations,taste"
665,Google Play,IN,5,"The recommendations are surprisingly accurate, and I've discovered so many new artists through the playlist.",15,0,15,"discovery,recommendation,playlist,artist","artists,new artists,playlist,recommendations"
3281,Google Play,IN,5,"Spotify is simply the best music app out there. Huge song library, perfect playlists, and the sound quality is amazing. The Discover Weekly never misses. Can’t imagine my day without it!",15,0,15,"discovery,playlist","discover,discover weekly,playlists"
5300,Apple App Store,US,5,I have had Spotify premium since 2012 and will never leave. Once the algorithm and AI understand your music taste the radio and curated daily playlists are unmatched!,15,0,15,"discovery,recommendation,playlist,personalization","algorithm,music taste,playlists,radio,taste"
6832,Apple App Store,SG,5,"Bug with shuffle & autoplay functionality: After my selected song ends, the app successfully moves on to recommended tracks. However, if I open or interact with the app while a recommendation is playing, the track abruptly cuts off and replays my original song. This makes it impossible to save the new recommended songs to my playlist. Please fix this 🙏🏻",15,0,15,"recommendation,playlist","playlist,recommendation,recommended,shuffle"
2856,Google Play,IN,4,4 star coz too many ads and I don't have the choice to play the same song again and again without talking the subscription 😭 lmao....,14,1,15,repetition,"again and again,same song"
5268,Apple App Store,US,3,"I really enjoy the playlist, it is very easy and nice to have such a wide variety of genres and each really tailored to whatever mood I’m feeling, however, the audio quality is really lacking. Compared to my Apple Music, the clarity isn’t nearly as good, as well as the volume of the songs are lower than other platforms, which I find very strange.",13,2,15,"discovery,playlist,personalization","genres,mood,playlist,variety"
6066,Apple App Store,AU,3,"When you have a playlist for some reason, the shuffle plays the same songs before you go through the whole playlist",13,2,15,"repetition,playlist","playlist,same songs,shuffle"
4402,Google Play,IN,2,oh I hate those 3 adds what did I do to get them when I Finnish any kind of song and that smart shuffle it sucks literally deleting the good songs from queue compared to pc website Spotify this is totally eating my nerves away with all of those discomforts can't even listen normally.,12,3,15,playlist,"shuffle,smart shuffle"
2806,Google Play,IN,1,"this app sucks. the shuffle is terrible, it takes too long to load, and it can't reconnect to the Internet for at least 30 minutes after my phone restarts. I have 10k songs, why am I hearing the same songs on shuffle week over week?",11,4,15,"repetition,playlist","same songs,shuffle"
3237,Google Play,IN,1,algorithm gives uninteresting recommendations that don't fit my taste. feels like they just find whatever song is in the same language,11,4,15,"recommendation,personalization","algorithm,recommendations,taste"
4708,Google Play,IN,1,"June 2026 update: how many times do I have to hide a ""Mixed"" compilation album track from my release radar before your algorithm realizes I only want full songs? Second, must of the ""Mixed"" tracks are from compilation albums and not real new releases, in most cases the songs have been out for years. as a DJ this makes my life so difficult. Spotify just keeps disappointing, I wish I could give it negative stars!",11,4,15,"recommendation,playlist","algorithm,release radar"
6140,Apple App Store,AU,1,"Spotify without premium feels like a constant push to buy premium. Random song selections, 6 skips an hour, unable to choose songs from your playlists at times and just chooses songs from the recommendations. It feels like a constant push to give them money for a better experience. 

I don’t recommend the app if your not willing to spend money",11,4,15,"recommendation,playlist","playlists,recommend,recommendations"
2400,Google Play,IN,5,"Spotify is the perfect companion for music lovers. With millions of songs, podcasts, and personalized playlists, it creates the perfect atmosphere for every mood. The app makes discovering new music easy, enjoyable, and unforgettable. this app was my favourite app because I love music a lot. there's so many music that I love here.",14,0,14,"discovery,recommendation,playlist,personalization","mood,new music,personalized,playlists"
5702,Apple App Store,AU,5,"I absolutely adore Spotify. Whether you use Premium or you don’t pay for it, as I have experienced both, it is full of every song to ever exist, pretty much. You can favourite songs, make unlimited playlists, listen to any track you like, and even make shared playlists with your friends! If you put it on Smart Shuffle, it even recommends songs for you! I will use Spotify for forever after.",14,0,14,playlist,"playlists,shuffle,smart shuffle"
3799,Google Play,IN,4,"One problem: I have a shared playlist with a friend. It's very long, over 8 hours. Recently, some songs will just disappear from the playlist without either my friend or I touching them. I'll see songs I've added to the playlist a while ago in the recommended songs at the bottom of the playlist. I'll add it back. Its happened one or twice where the same song will disappear after being added back. We both have premium if that makes a difference.",13,1,14,"recommendation,repetition,playlist","playlist,recommended,same song"
5358,Apple App Store,US,4,"Spotify is super great and that you can listen to any song you want anytime you like. It also allows you to have fun while you’re cleaning, playing sports, or any other activity you do every day. You can also discover new songs and artist that you didn’t know about.",13,1,14,"discovery,artist","artist,discover,new songs"
6542,Apple App Store,CA,3,"I have an old phone that doesn’t update very well so that might be a factor, but my Spotify is stuck on smart shuffle and it says I need to buy premium to turn off and put it back to normal or just on normal shuffle. My iPad is different though and it says I have to pay for things like smart shuffle, and I don’t understand why it’s doing that on my phone. I’ve checked and it doesn’t say I have to update it or anything, it just doesn’t work right for me on my phone and I don’t understand why.",12,2,14,playlist,"shuffle,smart shuffle"
29,Google Play,IN,2,"Poor after the last widget update. Frequent drop outs and sometimes the widget will not load at all, and I have had to create an app shortcut underneath the widget to open Spotify. DJ repeats the same songs in the same sequence. Song selection remains good, but if my daughter didn't have an account too I'd look to use another streaming service.",11,3,14,repetition,"repeats,same songs"
5913,Apple App Store,AU,2,"Same songs just keep repeating, out of 500 songs only probably hear 200",11,3,14,repetition,"repeating,same songs"
6194,Apple App Store,AU,2,"There’s two problems with Spotify: it keeps crashing and you need premium for almost everything if your on a phone. On my iPad, I keep having to reinstall it over and over again because it when I open it, it gets stuck on the loading screen and won’t let me exit the app for 5 to 7 minutes. I’ve cleared my cache and tried various other things but nothing works. I’m not sure if it’s just that my iPad is slow, the app is not supported on my iPad, or something else. The other thing is that when you’re on phone, you need premium to listen to the selected song you want to listen to and to fast forward or rewind the song! There’s a lot of ads too but I’m fine with that, though they aren’t very relevant and the same ads keep repeating. Please do better and fix your app.",11,3,14,repetition,"over and over,repeating"
1720,Google Play,IN,1,"worst aap in the history of music listening apps, everytime it asks for taking premium and it only plays 1-2 song back to back and then 2-3 ads, my question is what is this.? I suggest nobody should download it, use other apps that give you ads free listening..",10,4,14,"recommendation,repetition","only plays,suggest"
712,Google Play,IN,5,Spotify is a leading global music streaming platform that provides instant access to over 100 million tracks personalized music discovery It serves as an all in one entertainment hub for music podcasts and audiobooks people enjoying this app The app shifts its music recommendations based on the time of day matching your morning energy or latenight relaxation needs.,13,0,13,"discovery,recommendation","discovery,personalized,recommendations"
5024,Apple App Store,US,5,"Besides the..odd..decisions inside their company, Spotify is amazing! It’s super easy to find my music and discover new music",13,0,13,"discovery,personalization","discover,my music,new music"
6590,Apple App Store,CA,5,"Great platform for music, podcasts and audiobooks. Easy to use, with plenty of opportunities to discover new music and artists.",13,0,13,"discovery,artist","artists,discover,new music"
6666,Apple App Store,CA,5,"Ive loved Spotify so much ever since I got my new phone it has been much better than listening to a dumb radio, overall I have almost no complaints except for the recommendation system, like I like listening to the living tombstone but I never asked for freaking Japanese     Music. Anyways Spotify is great and I recommend it too anyone else. Also I’ve used about 90% of my time on it watching videos",13,0,13,"recommendation,playlist","radio,recommend,recommendation"
3389,Google Play,IN,4,"too many ads, but there are a lot of songs to choose from, and you can have thousands of songs on one playlist. I do wish that when you create a new account, you can try 1-3 weeks of premium without it going to the purchase area, but other than that, it is a really good app with tons of different music styles, genres, types, artists, etc.",12,1,13,"discovery,playlist,artist","artists,different music,genres,playlist"
4179,Google Play,IN,4,smart shuffle is not working. please help,12,1,13,playlist,"shuffle,smart shuffle"
6159,Apple App Store,AU,3,More repetitive than radio,11,2,13,"repetition,playlist","radio,repetitive"
25,Google Play,IN,1,"Super glitchy recently. Won't load anything. a lot of ""curated"" playlists just end up being the same couple songs, over and over. there's no ai labels! you don't know if music was made by a real person or not. and the ceo is doing some shady scat. I'm so happy to get rid of this app!",9,4,13,"repetition,playlist","over and over,playlists"
2313,Google Play,IN,1,"very bad, I don't understand what's wrong because my music is grey and when I tap my phone lags over and over",9,4,13,"repetition,personalization","my music,over and over"
3516,Google Play,IN,1,"WORST music app ever! You think listening to music is an option? You think this free app won't choke you till you buy premium? Hell no! Also, the fact that if you choose one song and can't loop is crazy. And the automatic shuffle?? Jeez! What's next, no listening to music unless I have premium? Its so stupid. There are much better options for music. I only use Spotify to find songs, and that's it. Don't even waste your time.",9,4,13,"discovery,playlist","find songs,shuffle"
6067,Apple App Store,AU,1,"every time i make a playlist i can’t even listen to it because it adds all of its stupid songs. they should make the free one better smh. do not recommend. why are they so greedy? they do not need to put 4 ads in between each song it ruins the mood. and how come i can’t control what order i want to listen to the song? oh because you want more money. this company is so greedy that it won’t allow low-middle class to listen to music comfortably only people who are rich enough can. what is this inequality. i’m so disappointed, it’s 2026, be better.",9,4,13,"recommendation,playlist,personalization","mood,playlist,recommend"
730,Google Play,IN,5,this app is Soo good because it clearly shows how your music taste is and they have all the artist you could listen to I would recommend this app to everyone 💗,12,0,12,"discovery,recommendation,personalization,artist","artist,music taste,recommend,taste"
1107,Google Play,IN,5,"Have not explored all its' functionality. I pay the Duo Premium and add free is great. Really enjoy this app. All sorts of genres, podcasts and audio books! Lots to explore, discover and enjoy listening!",12,0,12,discovery,"discover,explore,genres"
2554,Google Play,IN,5,"I always used Spotify, furthermore in the car, the shuffle really knew my music taste",12,0,12,"discovery,playlist,personalization","music taste,my music,shuffle,taste"
6545,Apple App Store,CA,5,I love it when you get a new songs/playlist on shuffle,12,0,12,"discovery,playlist","new songs,playlist,shuffle"
5964,Apple App Store,AU,4,"Spotify is a awesome platform for music it has a wide variety of songs and all of the artists.I especially love the little animated and interactive signs you put.The eat the playlist end of year and the disco interactive were my favourite.But I do sometimes find some things to improve.I would like if it was possible to add the eat the playlist to a bigger amount of playlists as it’s quite limited.I find when I’m trying to add some songs from a playlist to another I have to go through the process of pressing the 3 buttons selecting the playlist to add its quite a long process,so if there was this select button where you can tick the song and add them this will make it a lot easier.But over all there aren’t that many flaws.",11,1,12,"discovery,playlist,artist","artists,playlist,playlists,variety"
5074,Apple App Store,US,3,Won’t let me shuffle my music so not recommend if you want to listen to the same music over  and over again makes u listen to another song you don’t want to hear 😡,10,2,12,"recommendation,playlist,personalization","my music,recommend,shuffle"
923,Google Play,IN,2,"Spotify limited its recommendation tracks,Previous version used to recommend very loved tracks from classic ballads n pop,But now its no more available,Mailed to Spotify help desk but not much of help.",9,3,12,recommendation,"recommend,recommendation"
6658,Apple App Store,CA,2,Updating the price again and again without any better deals for artists is frustrating,9,3,12,"repetition,artist","again and again,artists"
805,Google Play,IN,1,"Locking rewinds, repeats, and skips behind a paywall is just low. Seriously, I can understand you need money to maintain the app, but you already have the money. Rewinding, skipping, and repeating songs are the most basic functions of a music app. People shouldn't need to pay for that. Not to mention the ads. An ad every time a song is played, and then 3-5 ads at a time, every few songs. There's no good free listening experience. I'll just stick to mp3 videos on my files app.",8,4,12,repetition,"repeating,repeats"
3277,Google Play,IN,1,"giving this a new review. the video ads are extremely annoying, and frequently crash my tablet. the ads in general also keep breaking the app where it stops playing a song on repeat after 3 listens. this app has seriously worsened since 2017, and I can no longer say I recommend it.",8,4,12,"recommendation,repetition","recommend,repeat"
3971,Google Play,IN,1,"The app has become so laggy it is basically unusable now: playlist taking minutes to load, same thing for songs afterwards, and sometimes it cannot open an album at all. Today I am not even able to enable shuffle in my playlists. I used to like Spotify but I am forced to find another music platform as it just does not work anymore",8,4,12,playlist,"playlist,playlists,shuffle"
5220,Apple App Store,US,1,Absolutely trash I hope it all crashes and burns. Also Spotify doesn’t care about their artists what so ever. I don’t suggest signing a contract with these people ever. I’m not kidding don’t ever do it labels are bad already. Learn to be a independent artist it’s worth the grind. This is sad to be honest wish I could write a review without a rating because it be zero stars.,8,4,12,"recommendation,artist","artist,artists,suggest"
5659,Apple App Store,GB,1,"Pls fix the issue where when using shuffle, the first song I choose to listen to ends up repeating after every single next song.",8,4,12,"repetition,playlist","repeating,shuffle"
6431,Apple App Store,CA,1,When I signed up I was paying $7.99.  Now it’s close to $30 and the only thing I can tell that’s new is an AI DJ which I didn’t ask for.  Maybe ask a premium from people who actually want this.,8,4,12,playlist,ai dj
429,Google Play,IN,5,I love being able to discover new music!,11,0,11,discovery,"discover,new music"
1792,Google Play,IN,5,"The music recommendations are always spot on. I love discovering new songs and podcasts every day. Additionally, the sound quality is among the best and my favorite feature in this app is that i can costumize the transition between the song.",11,0,11,"discovery,recommendation","new songs,recommendations"
2618,Google Play,IN,5,I love it but I have a request if you can make it to where if there's less songs or repeats on your playlist it doesn't have other recommendations songs? thank you for making Spotify in general:),11,0,11,"recommendation,repetition,playlist","playlist,recommendations,repeats"
3813,Google Play,IN,5,"Spotify is a great music app with a huge collection of songs and podcasts. It is easy to use, has good sound quality, and helps you discover new music 🎧",11,0,11,discovery,"discover,new music"
5328,Apple App Store,US,5,"I’ve had Spotify for quite a few years now and it’s by far my favorite streaming service. I’ve tried Apple Music on my iPhone and Pandora but they just don’t have the same feel and perks as Spotify. I love that they have the personalized DJ, which plays the songs that you regularly listen to, but also add some that you might enjoy. I love the Spotify rat and I love the different playlists for any in every mood or genre you could think of. It’s definitely worth the premium. I believe it’s $12 with tax but it’s so worth it especially if you love music.",11,0,11,"discovery,recommendation,playlist,personalization","genre,mood,personalized,playlists"
2118,Google Play,IN,3,"Spotify is almost the best streaming platform, but you need to do more to help upcoming artists get discover, by updating your playlist terms!",9,2,11,"discovery,playlist,artist","artists,discover,playlist"
3586,Google Play,IN,3,"its always disconnects with my speakers, always the same classic music, like only a hand full of song. there so many artists that they don't play. I tried all the selections in that category & it all the same song basically. oh & they put in songs frome band that are only 5 or 6 years together. like Van fleet. I like their music, but Come on man their not classic music.",9,2,11,"repetition,artist","artists,same song"
6792,Apple App Store,NZ,3,"I’ve never had any complaints about Spotify, until the last few weeks. 

It is now regularly stopping playing music. It says, “We’re having trouble playing this song. Try going online…”

It happens even when I’m online.

If I kill the app and restart it, the same song that was failing will pick up exactly where it left off. I can also start playing a new playlist.

Having this happen when I’m driving means I can’t play music until I can safely pull over and restart the app. It doesn’t matter if I’m using CarPlay or not, it happens either way. 

It happens to everybody in my family, as well. There’s no explanation that makes sense, except for a new bug being introduced that’s impacting playback.",9,2,11,"repetition,playlist","playlist,same song"
1817,Google Play,IN,2,"This app isn't good, if it wasn't for the Bluetooth connection you can do inside the app, I would use YouTube Music that actually gives you a good recommendation of music based on your taste.",8,3,11,"recommendation,personalization","recommendation,taste"
602,Google Play,IN,1,again and again again and again asking for money to play song 😭,7,4,11,repetition,again and again
808,Google Play,IN,1,"A decade + of this app and it STILL has no idea what I listen to. It NEVER gets it right and spams phonk for some stupid reason. I bet I have the largest blocked artist list in spotify history and still ALL I DO IS BLOCK ARTISTS BECAUSE EVEN AFTER 10 YEARS THE SO CALLED ""ALGORITHM"" STILL HAS NO CLUE AT ALL! I came for new stuff maybe not a new band could be years old but never going to find them because your stupid app will spam whatever IT WANTS. YOUR SONGS VANISH FOR UNKNOWN REASONS. NO MORE!",7,4,11,"recommendation,artist","algorithm,artist,artists"
945,Google Play,IN,1,edit I when on the app and went through my songs out of 1543 i had about 100 duplicates of same songs (gave me ice ads other than that it's nice to use),7,4,11,repetition,same songs
1098,Google Play,IN,1,the app is not opening and i can only see the black screen I have also cleared the cache again and again but doesn't work.....,7,4,11,repetition,again and again
1221,Google Play,IN,1,hey can you stop removing my liked songs? thatd be spectacular. ive been on here for nearly the entire 20 years. tens of thousands of songs ive clicked like on and they all disappear over and over....,7,4,11,repetition,over and over
2050,Google Play,IN,1,when I click on music I want to listen to it plays something else and when I play my playlist it doesn't play my playlist it play recommendations and it really makes me sad I can't listen to music I want to listen to and there are to many ads I use to be able to listen to Spotify with no problem but now their are problems I'm having 1 star,7,4,11,"recommendation,playlist","playlist,recommendations"
3110,Google Play,IN,1,Show subscription again and again can listen selected song,7,4,11,repetition,again and again
3188,Google Play,IN,1,"This app is so frustrating. It keeps showing ads over and over again and constantly tries to force users into buying the premium version. Now it's even saying that I can't play the songs I want because I'm only allowed to skip six songs per day. This is just too much. It used to be my favorite app, but now it's one of the worst.",7,4,11,repetition,over and over
4821,Google Play,IN,1,can't even let us play what song we like after a while of playing music and also can't rewind the same song at some point without buying premium. Absolute rubbish,7,4,11,repetition,same song
5192,Apple App Store,US,1,"I listen to one song then 5 ads, one song 5 ads over and over, used to be a handful of songs then a couple ads.  And no I’m not paying for premium because I’m not an idiot",7,4,11,repetition,over and over
5727,Apple App Store,AU,1,Why should we have to buy premium js to listen to our own playlist. I don’t want recommendations from you.,7,4,11,"recommendation,playlist","playlist,recommendations"
5893,Apple App Store,AU,1,"Some people can’t afford premium and there’s nothing that can kill your vibe better than the repetitive adds so how about you do 1 day every fortnight that is the same as premium rather than offering 3 months free when you go premium.Try to make it so creativity isn’t peppered with irrelevant adds that are already driving me away and 
many others and ditch the intrusive weasel voiceovers that the one male voice has dominated since day one which is annoying enough to make you want to search for and show him how you’d prefer to rip your own face off than hear one more second of his approach to life",7,4,11,repetition,repetitive
6486,Apple App Store,CA,1,Look up Helsing. look up the payments artists make to get on the Discovery program. Artists are PAYING to be played on spotify and we’re paying to listen to,7,4,11,"discovery,artist","artists,discovery"
6525,Apple App Store,CA,1,"Why are my songs skipping like I’m listening to a cd while running on a discman?
And why does sh suck so bad, so repetitive!! And cuts the songs off!
You suck",7,4,11,repetition,repetitive
6708,Apple App Store,NZ,1,"The functionality of this app is inexcusable. It takes minutes to load when you open it up. Podcasts and playlists frequently don’t download for no reason. So many redundant and unwanted features clot up the screen and make the app laggy and buggy. For a multibillion dollar company these shortcomings are inexcusable. This is also disregarding the companies investments and inability to fairly compensate artists. Finally, despite having premium, Spotify sneaks in ads through podcasts and advertising artists who I couldn’t care less about on home screens. The algorithm is also busted and prioritises songs which are short as they are more profitable. I genuinely hate Spotify with a raging passion 😭",7,4,11,"recommendation,playlist,artist","algorithm,artists,playlists"
1557,Google Play,IN,5,"Spotify is pure musical heaven! The song recommendations are scarily accurate, and the curated playlists for every mood and occasion are absolutely perfect. Podcasts are seamlessly integrated too, making this the ultimate audio entertainment app. My life literally has a soundtrack now.",10,0,10,"recommendation,playlist,personalization","mood,playlists,recommendations"
6409,Apple App Store,CA,5,Spotify really helped me lock in while drawing and it silenced my annoying brother also I really like the different music styles and taste in my playlists thank you so much for bringing the Spotify joy to my life ❤️,10,0,10,"discovery,playlist,personalization","different music,playlists,taste"
1435,Google Play,IN,4,Great experience. It would be nice to have more of a variety of commercials on the free version so I'm not hearing a repeat one after another. I plan to get premium soon.,9,1,10,"discovery,repetition","repeat,variety"
6560,Apple App Store,CA,4,"I was adding songs to my playlist and it kept on adding the same song. I don’t know if it’s because of the new update, but it used to tell me that the song was already in my playlist but now it’s adding the song same to the playlist even though it’s already on that playlist and it’s starting to get a bit annoying",9,1,10,"repetition,playlist","playlist,same song"
1312,Google Play,IN,3,"I just downloaded it and already I'm annoyed. I open it up and scroll through a bunch of bands. Many of which I couldn't care less about because of their genre. How about instead, have your users scroll through a list of genres. Then, once they're done with that, list a bunch of bands of those genres. Because I hate most country and rap/R&B, and keep seeing artists from those genres I would never listen too. Or, after choosing the genres, start playing songs from them immediately.",8,2,10,"discovery,artist","artists,genre,genres"
3894,Google Play,IN,3,"Offers audiobooks but limits your listening time, even with paid subscriptions. Offers to give a ""top off"" of 10 hrs for $12.99. AI DJ is just extra noise when playing the made for you play lists. New widget for the app takes up more space 4x2 now. doesn't work or show pictures of play lists unless connected to high data areas. 4x1 option was better and preferred for my setup.",8,2,10,playlist,ai dj
5718,Apple App Store,AU,3,"I love to learn about new artists, but the fact that it's a paid feature when iTunes and Amazon Music already have it on demand. It's not a great business practice to paywall a basic feature.",8,2,10,"discovery,artist","artists,new artists"
5760,Apple App Store,AU,3,"Good app but hate how for non premium users they can’t change queue, skip back, skip through songs and whenever they listed to albums it’s always on shuffle play and adds recommended songs.",8,2,10,"recommendation,playlist","recommended,shuffle"
3112,Google Play,IN,2,"i really like this app but now I can't play the song more than 2 times, if you don't have premium thats suck because you can't play the same song again. I know that this is your way to make more money and for some arthritis to have more listener but i don't like the update",7,3,10,repetition,same song
3433,Google Play,IN,2,"hi I just got logged out of my account because the log in link that was supposed to expire in 4 hours expired and I automatically got logged out of my account and when I tried to log in using your Spotify log in link it did not send anything whatsoever despite me trying to do it again and again and after all that trying to get a link it decided to stop ""sending"" anymore and saying error and now I'm logged out of my account because my password that I saved was incorrect says by your app",7,3,10,repetition,again and again
5981,Apple App Store,AU,2,Premium is soooooo expensive and it’s so annoying how when I’m listening to music on a playlist that doesn’t have like a million songs in it it auto adds recommendations like I was try a listen to drakes new album to review it it’s rlly bad btw but it kept adding other songs into the mix like bro ur joking plus only 15 hours a MONTH of audio book listening for premium????? Paying to get ripped off fr cuz that’s crazy. So not worth it and my school isn’t even there for the student premium thingy also the prices DO NOTTTTT need to be that expensive like bro ur a multi million company these prices do not need to be that high 💔💔💔💔💔💔💔💔💔💔💔💔 pls be better.,7,3,10,"recommendation,playlist","playlist,recommendations"
224,Google Play,IN,1,"My main point of discontentment with Spotify would be the ""shuffle"" setting. It seems to select a small group of songs and artists to play despite the fact that I have a library of thousands of songs. Somehow my shuffle setting frequently plays the same ""popular"" songs/artists. Not a true shuffle, selective playtime for certain artists. It's pretty obvious Spotify presents us with certain content by design regardless of shuffle setting. App freezes and crashes often as well. Boo!!!",6,4,10,"playlist,artist","artists,shuffle"
574,Google Play,IN,1,"I've almost completely moved to bandcamp i suggest you do the same. the performance on this app is abysmal at best and it is unable to load anything. and now, it's not saving my playlist changes. I try to add a song to a Playlist, something simple right? wrong, the app has no idea I've even done anything. the. app. doesn't. work.",6,4,10,"recommendation,playlist","playlist,suggest"
1039,Google Play,IN,1,"I hate Spotify. It keeps playing an ad. After least about 2 songs play is getting on my nerves, and I can't use it because it is not working right. All I see is a black screen. This app is terrible.",6,4,10,repetition,keeps playing
1130,Google Play,IN,1,I loved it until today it put me on shuffle on my Playlist and I wanted to listen to my 3 fav songs amd after 1 of them it put me on hair dye and im not able to change it back,6,4,10,playlist,"playlist,shuffle"
1502,Google Play,IN,1,"Spotify used to be good. But the issue is that the mobile app feels like it's becoming unusable for people without premium. earlier today I was listening to an album with 34 songs. Let me repeat, THIRTY FOUR songs, it played two of those songs, then started playing songs by completely different artists. Alongside that, I can't loop songs, I don't know whether thats the mobile version in general, or just a premium thing, but either way, the fact that I can't loop songs on a MUSIC APP is insane.",6,4,10,"repetition,artist","artists,repeat"
1856,Google Play,IN,1,littered with AI generated artists and songs. you can barely listen to music on the free version due to limited skips and constant ads. they take money from artists. it may be free but if you care about the artists and hate generative AI I wouldn't recommend it.,6,4,10,"recommendation,artist","artists,recommend"
1965,Google Play,IN,1,"i can't even play songs which I like to hear. it's really bad. I even wait patiently to finish the ads. Now, I have to find a new music app. This is so annoying.",6,4,10,discovery,new music
1969,Google Play,IN,1,i continually edit this review based on what Spotify as a product and company are doing and not doing. right now shuffle has been playing the same set of songs from my music regardless of what I select to start. its kind of the exact opposite of shuffle. i pay too much for a post-ipod app to have a shuffle function that is prehiood. 1 star.,6,4,10,"playlist,personalization","my music,shuffle"
2459,Google Play,IN,1,it keeps playing random songs horrible amount of ads and I won't let me go back in songs,6,4,10,repetition,keeps playing
2662,Google Play,IN,1,"You don't care for the artists, you don't care for the consumer (exorbitant fees and 'free' users subjected (enslaved in some respects) to crazy amounts of ads). All you care for is yourselves and your bottom line. I'm better off flicking through the radio stations to listen to music. Bye bye Spotifye",6,4,10,"playlist,artist","artists,radio"
2965,Google Play,IN,1,"All cute and nice on the first week, then, it shows it's true colors. Forced to listen to a Playlist in shuffle? Hell nah, instant-unistall.",6,4,10,playlist,"playlist,shuffle"
3532,Google Play,IN,1,"5 minutes of songs with 2 minutes of ads. can only listen to so many books with a subscription. I'll get the subscription again, if you can do a little better. otherwise I can just be a pirate instead. Why don't you know how shuffle works? it's supposed to shuffle my whole playlist, not just a bunch of songs you want me to hear on loop.",6,4,10,playlist,"playlist,shuffle"
3849,Google Play,IN,1,Please urgently fix the shuffle. Many of us have tried everything so that a 30 hour long Playlist doesn't play the same 20 songs yet the app still does so. It is very annoying and frustrating wanting to play ALL of your songs and only hearing the same 5 to the point where you can't stand listening to them again. It ruins the experience of listening to music. Please change this. The app would be great if this wasn't such a big issue.,6,4,10,playlist,"playlist,shuffle"
4041,Google Play,IN,1,"you guys have gotten so much wprse after this fricking update. I dont want you to play recommend songs in my Playlist. thats not your business and stop the ads. the more ads you give the more I want tk delete Spotify because gosh, you're annoying",6,4,10,"recommendation,playlist","playlist,recommend"
5269,Apple App Store,US,1,"As a new music producer, your 1000 stream minimum for royalty eligibility is criminal.  I’m disabled and Spotify is literally stealing money from me.",6,4,10,discovery,new music
5398,Apple App Store,US,1,I want to find NEW music not the same 500 songs I already know,6,4,10,discovery,new music
5473,Apple App Store,US,1,"With premium, it's amazing. But if you're broke like me, it's awful. All the songs are on shuffle and you have to pay to play your playlist in order. If your playlist is short with the hack of listening to the songs you actually want to, they add random songs. It wouldn't be an issue if you could skip it without getting FOUR ADS per 2 skips. You gets SO MANY ADS per every few songs and I can't skip them ever. There is more ads than music. ALSO this part drives me so mad the most: You can't rewind the song or go back to your favorite part in the song. If you want to listen to a song again, you have to click it, which will most likely just give you an ad. If you listen to a song just because of one part, don't do it on Spotify. It's a really great music app IF you have premium, otherwise, YouTube is infinitely better.",6,4,10,playlist,"playlist,shuffle"
5900,Apple App Store,AU,1,Ads are too frequent and run for very long and subscription is pricey. Repeats songs on my playlist each time I listen,6,4,10,"repetition,playlist","playlist,repeats"
6256,Apple App Store,CA,1,"It doesn’t shuffle music when you try to shuffle it. Plays the same music no matter how much you shuffle playlists. 
Really intolerable algorithms too.",6,4,10,playlist,"playlists,shuffle"
243,Google Play,IN,5,"The new releas was my first time hearing and I instantly fell for it. Recommended to all my friends and associates. I'm definitely buying if I can for Grand boys.Its fresh,thought provoking. I think all could benefit plus enjoy. I love ❤️ 😍.",9,0,9,"discovery,recommendation","fresh,recommended"
901,Google Play,IN,5,My favorite music app I just love it's auto recommended playlists of the same genre with good audio quality and lyrics just hoping for more often discounts,9,0,9,"discovery,recommendation,playlist","genre,playlists,recommended"
5521,Apple App Store,GB,5,"After I watched the Michael Jackson movie, I really wanted to get to know his music a bit more. And thats where Spotify came into the story! What I put for one of my artist, I obviously put MJ. And Spotify had EVERY SINGLE SONG of his. Even from when he was in The Jackson 5. I also have rehearsals for my play and it also has all the songs I need to learn on there. Spotify has really help me on my music journey and hopefully more people discover Spotify and it helps them too!! I LOVE YOU SPOTIFY!!!!!!!💖💖💖😘😘😘🫶🫶🫶🫰🫰🫰✨✨✨",9,0,9,"discovery,personalization,artist","artist,discover,my music"
5723,Apple App Store,AU,5,"Overall very good, but continues to play the same 10 songs over and over again on a playlist of 2,000",9,0,9,"repetition,playlist","over and over,playlist"
6188,Apple App Store,AU,5,Spotify just has a better algorithm for discovering new music and suggesting songs,9,0,9,"discovery,recommendation","algorithm,new music"
6651,Apple App Store,CA,5,Been using Spotify for over a decade now. Was pleasantly surprised by random international music in different languages in their collection that I didn’t find in Apple Music or Amazon. Though it is annoying that songs go missing from my playlist from time to time and then later another version of the same song gets reuploaded but it doesn’t add the song back in my playlist.,9,0,9,"repetition,playlist","playlist,same song"
1215,Google Play,IN,4,Listen to this all the time. Recommend songs not always spot on and app pretty easy to navigate but sorting and filtering not always easy or the find in My Playlist. But enjoy lyrics and info re artists,8,1,9,"recommendation,playlist,artist","artists,playlist,recommend"
2786,Google Play,IN,4,Even if you don't have premium it won't make a major difference unless you're playing a specific album or Playlist and a whole other artist plays it's quite annoying actually but other than that would 100%recommend it to anyone and premium is affordable for what it offers.,8,1,9,"recommendation,playlist,artist","artist,playlist,recommend"
4627,Google Play,IN,4,improve the playlist taste also easy showing of the song genre,8,1,9,"discovery,playlist,personalization","genre,playlist,taste"
6463,Apple App Store,CA,4,Spotify is great they have almost every song you can think of they have an ai dj that’s great for long car rides  and a they got Spotify raps which show year your over all listening stats of the year,8,1,9,playlist,ai dj
1133,Google Play,IN,3,it is good but treats the free version very bad. I always get my skips wasted because it only gives me recommendations and not the playlist I wanted to listen to. this company is no selfish and greedy,7,2,9,"recommendation,playlist","playlist,recommendations"
1411,Google Play,IN,3,"Spotify Devs seem very disconnected from their users, building playlists and recommendations gets worse each update. and it's still impossible to switch playlists after a song rather than instantly without using the cue.",7,2,9,"recommendation,playlist","playlists,recommendations"
2301,Google Play,IN,3,"this app is good, even with the free version but nowadays for a few weeks the app is not responding and opening and I'm having to reinstall ot again and again.",7,2,9,repetition,again and again
6488,Apple App Store,CA,3,"I really like using the app and I don’t mind the monthly payments. I don’t think the increase is worth it though. Also, the random is not random every day. It plays the same damn songs in a row in order and doesn’t matter how you switch it. it always plays the same songs in a row, which is extremely annoying and even enough to cancel. This is the reason for the three star review.",7,2,9,repetition,same songs
6808,Apple App Store,SG,3,"I like listening to musics from different countries. Significant part of my playlist is English, Russian and Kazakh songs. And Spotify fails to mix all this music so badly. Recommendations are mediocre and monotonous, there is no surprise effect. 

Still using yandex music because honestly it’s so much better recommending music, but because they don’t have licenses with major labels, I end up using Yandex music for recommendations and Spotify for new releases. Still spend most of my time with Yandex",7,2,9,"recommendation,playlist","playlist,recommendations"
1899,Google Play,IN,2,I used to listen in my music app but recently i downloaded spotify and used while in free After two or three updates i rather use my music app Spotify lock necessarily things like shuffle and skipping songs unlimited and gives you all of this in a premium spotify account It doesnt worth anymore,6,3,9,"playlist,personalization","my music,shuffle"
5750,Apple App Store,AU,2,The songs are good but i have a long playlist and yet it barely uses my playlist songs and use the recommended songs even though i have 208 songs in that playlist 😭,6,3,9,"recommendation,playlist","playlist,recommended"
6296,Apple App Store,CA,2,"The app is lagging and when you close the app, the music keeps playing",6,3,9,repetition,keeps playing
6573,Apple App Store,CA,2,"First of all this new update doesn’t let me loop my songs! Next, if I’m listening to a song from my liked songs, I can’t go to the next song in my playlist, it just gives me songs I don’t wanna listen to! Also wdym I have to pay premium to now choose my songs? I listened to a minimum and it went to recommended. It won’t let me go back or forward, it just goes the way it wants to but not the way I want it to. I can’t tap on lyrics to fast forward to a certain time in the song! I just wanna listen to my liked songs, please Spotify I beg! Fix these please!",6,3,9,"recommendation,playlist","playlist,recommended"
6859,Apple App Store,SG,2,It assumed my gender and recommended me a male out playlist as well as whatever mommy asmr is the cover page was Sus and I felt really uncomfortable btw I listen mostly to pop songs,6,3,9,"recommendation,playlist","playlist,recommended"
1824,Google Play,IN,1,Playlist are not good they are not as my mood,5,4,9,"playlist,personalization","mood,playlist"
1885,Google Play,IN,1,"The Family Plan setup needs a major update. Right now, only one parent gets to act as the plan manager, meaning only one person gets the audiobook time and account management control. In a family household, both parents should absolutely be able to manage the account and share those perks. Also, the AI music algorithm is incredibly frustrating compared to platforms like Pandora. It rarely plays what you actually want to hear unless you sit down and build your own playlist from scratch. Honestly,",5,4,9,"recommendation,playlist","algorithm,playlist"
2548,Google Play,IN,1,"6 years after switching to Amazon music, I couldn't be happier. There were features I loved in Spotify, they had a slightly deeper library in a couple obscure genres, and I miss the playlists I spent countless hours curating, but after you get used to the Amazon Music interface, it's a better value at $69.99/yr annual subscription. Spotify is charging you WAY more than their service is worth. If they ever offer annual subscription discounts, I'll switch back, but not likely.",5,4,9,"discovery,playlist","genres,playlists"
3732,Google Play,IN,1,"a random nsfw playlist showed up...and won't go away. i have reported it, blocked the artis, removed from my taste. and it won't go away. I usually love the app but this experience is horrible. I need an easy way to block whole playlist so it will never be shown again and my reports to be taken seriously!",5,4,9,"playlist,personalization","playlist,taste"
5019,Apple App Store,US,1,"Old Review: Yes you’re free but you’ve been pushing ads to much & your pricing is quite a lot for premium. New Review: Still money hungry as usual which is Ridiculous and Stop with the Murder/Ghost Story Advertising Podcasts from appearing in my Recommendations, I don’t like hearing those. Update: In 2026, Unusable while poor, it’s changed a whole lot for nothing. The subscription is ridiculous amount of money it wants for it. If you’re a millionaire go for it even a billionaire. Icon used to be a green disco ball, we all miss it.",5,4,9,recommendation,recommendations
6923,Apple App Store,SG,1,Please add tagging for AI music. was having a good day until AI was forced upon me in my discovery weekly. Ew,5,4,9,discovery,discovery
696,Google Play,IN,5,"always wonderful and intuitive, I've found thousands of new artists and songs",8,0,8,"discovery,artist","artists,new artists"
3067,Google Play,IN,5,Fantastic music app with a huge library and excellent personalized recommendations.,8,0,8,recommendation,"personalized,recommendations"
3920,Google Play,IN,5,"Crazy app. I tried out premium.. And i just.. Couldn't go back. Offline downloads, no ads, unlimited skips and repeats, choose whichever song you want, no shuffle (if you don't want to)— i like the feature where you can compete with friends for song listening minutes.",8,0,8,"repetition,playlist","repeats,shuffle"
5006,Apple App Store,US,5,"I’ve been using Spotify foe a while and it an amazing source for music, podcasts, and discovering new artists!!",8,0,8,"discovery,artist","artists,new artists"
5500,Apple App Store,GB,5,Because it is very convenient to my music taste and I LOVE IT,8,0,8,"discovery,personalization","music taste,my music,taste"
5578,Apple App Store,GB,5,"Best way to play my music, all my favourite songs, artists, music videos and podcasts.
Recommended to all. ⭐️⭐️⭐️⭐️⭐️",8,0,8,"recommendation,personalization,artist","artists,my music,recommended"
5790,Apple App Store,AU,5,"Spotify is great! It lets you listen to a lot of music for a long time. You can follow your favourite artists and make your own playlists. I use free Spotify but it still works just as good as premium. One thing though, my listening stats randomly disappeared which I was kind of annoyed about but it’s not too serious. Overall I would really recommend Spotify because it’s great for listening to music or podcasts and you can follow your friends.",8,0,8,"recommendation,playlist,artist","artists,playlists,recommend"
6257,Apple App Store,CA,5,This app is really good for listening to allllll kinds of music and the ai DJ is very good and knows just what to play,8,0,8,playlist,ai dj
6523,Apple App Store,CA,5,Spotify has helped me through so much it may seem overdramatic but it has every song you can think of and that is something that k think everyone can love. It has a whole bunch of songs like a whole bunch and it is a great music app. Spotify is the only app I’ve used for music I’ve never used any other app because Spotify has caught my full attention. You can add as many songs as you want to one playlist but you can make multiple playlists and you can also use ai to make a playlist which is great because if you don’t know some songs Spotify has got your back. I most definitely recommend Spotify.,8,0,8,"recommendation,playlist","playlist,playlists,recommend"
6626,Apple App Store,CA,5,Was great has been declining with the tech issues and poor discoverability of new artists. But seems like it’s been getting better recently. Too many ads if you don’t pay to play though. But still accessible to everyone so not that bad..,8,0,8,"discovery,artist","artists,new artists"
6676,Apple App Store,CA,5,"Best music app for human, the AI DJ X knows me well, giving the right beat and vibe at any time",8,0,8,playlist,ai dj
6762,Apple App Store,NZ,5,10/10 been a user for years and am a big fan the only thing I can suggest is a better shuffle system,8,0,8,"recommendation,playlist","shuffle,suggest"
6895,Apple App Store,SG,5,"Spotify offers an amazing music experience with a huge library of songs, podcasts, and personalized recommendations. I use it every day!",8,0,8,recommendation,"personalized,recommendations"
379,Google Play,IN,4,"Great variety.Howecer, give subscribers their space to play their playlists and try not to choose songs for them.",7,1,8,"discovery,playlist","playlists,variety"
3831,Google Play,IN,4,other than the fact that I can't play same song more than a certain number of times for free it's pretty good and premium is extremely good when I tried it,7,1,8,repetition,same song
4012,Google Play,IN,4,"Spotify is an amazing music streaming platform with a great user experience, excellent recommendations, and a huge music library. However, it's disappointing that my country, Bangladesh, still doesn't have an official Spotify Chart, even though Spotify has been officially available here for years. Adding an official Bangladesh Spotify Chart would help fans support their favorite artists and give local musicians the recognition they deserve. I hope Spotify introduces an official BD chart 📉",7,1,8,"recommendation,artist","artists,recommendations"
2707,Google Play,IN,3,"The app is great for listening to music & finding new music. HOWEVER, I have been having billing issues that Spotify never resolved. They told me to take it up with Google and the bank. That they are not responsible for billing when it is done through Google Play. But in my experience I haven't found any way to just pay for the Spotify not through my Google Play so I'm very confused. Basically, the app & the music itself is good, but the company and their support team is kind of garbage.",6,2,8,discovery,new music
2902,Google Play,IN,3,"app hasn't had any notable innovative features in the last 7 years. needs better podcast function. song and playlist suggestion, frinlend sharing... you get the idea. we were supposed to have flying cars by now. invest in R&D, I'm thinking of moving apps.",6,2,8,"recommendation,playlist","playlist,suggestion"
5016,Apple App Store,US,3,"Since Spotify dj was added suggested songs have become far too limited, the DJ SHUFFLES my existing songs instead of introducing me to new music. and when I play a song it no longer recommends good new music. 

Bring back new music exposure!",6,2,8,discovery,new music
5257,Apple App Store,US,3,Every time I listen to my playlist it keeps putting in songs that aren’t on my playlist and saying “in your recommended” when I just wanna listen to my playlist and also it started saying “you can only listen to your own music for a couple hours” like what????,6,2,8,"recommendation,playlist","playlist,recommended"
5523,Apple App Store,GB,3,"Spotify keeps over complicated simple thing example, when listening to something you want to click on the Album by clicking the Song Title or go to the Artist you click the Artist name. This is gone why it works and now has added more clicks and check what your clicking on to go where you want it’s just slower and not as easy and also Your Library why can I only pin 4 playlists like what why does it matter, it’s always so much effort to find my music my library should only have my playlists in it or what I want to be displayed this is definitely making me want to try other music players when all I want is what was on the app before just no need to fix these things",6,2,8,"playlist,personalization,artist","artist,my music,playlists"
5951,Apple App Store,AU,3,"I’ve been using Spotify Free, and I’m frustrated that I was unable to play the songs I wanted because of playback restrictions. I understand that Premium offers additional features, but being told to wait until tomorrow or pay just to listen to music made for a poor user experience. I’d like clearer explanations of these limits and more flexibility for free users. Also I cannot skip it back in songs any more like I’ll play a song from an album and after that song instead of it going to the next song in the album it just plays some random music from the whole different artist that I have no idea about. And, they have removed the replay button so I can’t put the song on repeat. and most times I don’t really mind the ads but you can’t just take away the replay button and put on an amount on how many songs you can listen to before you can’t play the anymore. COME ON APP DO BETTER",6,2,8,"repetition,artist","artist,repeat"
6114,Apple App Store,AU,3,"This used to be my go to music streaming app, but the new “update” has been making me frustrated. I can’t even play my playlist, and it adds some unrelated songs i don’t even listen to (IT’S STUCK ON SHUFFLE!). And wdym you can’t even order, delete, control shuffle or not, and you have to pay for it now. Please fix this.",6,2,8,playlist,"playlist,shuffle"
2147,Google Play,IN,2,this app works smoothly but doesn't have very diverse music it only has mostly the original it doesn't have much slowed or sped up which is annoying you can't play the ones that you want for the moment you have to listen to it shuffled if you don't have premium and you have to listen to a lot of ads. sometimes you can't even listen to music for a long period of time before it says you have to pay premium there are so many basic functions in here that you have to pay for Spotify do better 😡,5,3,8,discovery,diverse
6429,Apple App Store,CA,2,"App is totally bloated with features, slow to load any content, slow to search, hard to find stuff, hard to discover content. At times unusable",5,3,8,discovery,discover
941,Google Play,IN,5,"A great range of music, podcasts for family or for own moments, not too many adds. Have found some music and other sources I ve become obsessed. A benefit is diffrent Playlists for different moods, not to mention you can do free or purchase and when you do it even comes with audio books. Too much to discover from all over the world .",7,0,7,"discovery,playlist","discover,playlists"
1142,Google Play,IN,5,"I'm profoundly deaf, and I use the ""sound tube bar"" as a gift from my missus. Spotify has given me the opportunity to explore the richness of all kinds of music genres, whether it's rock, pop, or something else. Spotify provides the lyrics in order for me to follow the beat and rhythm of the songs using my soundbar speakers. I think Spotify has done a fantastic job. Perhaps they could add an interpreter to sign for each song that deaf people like to watch and feel the vibration of the sound.",7,0,7,discovery,"explore,genres"
2513,Google Play,IN,5,"I really like being in control of whatever I want to hear. It's my choice. I am also able to listen to other's Playlists, in order to broaden my options & interests.",7,0,7,"discovery,playlist","broaden,playlists"
2928,Google Play,IN,5,"Spotify is honestly one of those apps that just becomes part of your daily routine without you even noticing. It’s super easy to use, and it somehow always knows what you want to hear—like the playlists and recommendations feel really personal, not random. What I like most is that it doesn’t feel limited. You can switch from music to podcasts to something new you’ve never heard before, and it all just flows naturally. It’s simple, but it doesn’t feel basic.",7,0,7,"recommendation,playlist","playlists,recommendations"
3330,Google Play,IN,5,"I used to feel like a DJ with my own playlists describing different genres of music sliced into one, for that sound of different rappers to mainstream artists on one profile. I got 2 in my control, 1 other profile has been rogue. since then I ventured on into the scene, from killer verses to mainstream artists. I still have to label them properly but since I'm a Native American Apache. I try to find the hunt or the killer instincts of the verses. blended with today's modern hip-hop style.",7,0,7,"discovery,playlist,artist","artists,genres,playlists"
5000,Google Play,IN,5,"It is the best to listen to our favourite song and i love the fact that i can listen to song clearly. Besides,spotify help me to find out the artist who is the singer of the song and that helps me a lot because sometimes i cant find who is the true singer even if i google it or serach it on tiktok plus i cam make lots of different playlist based on my favourite artist and that is the best parts. I can also divide the genre of the song so i can listen to songs based on my moods every day clearly",7,0,7,"discovery,playlist,artist","artist,genre,playlist"
5116,Apple App Store,US,5,"Truly individualized and personalized music. A+, would recommend to friends and family.",7,0,7,recommendation,"personalized,recommend"
5447,Apple App Store,US,5,The only thing I don’t like about this is that some songs that I used to be able to listen to I can’t listen to them anymore. When I use other ppl’s account and play the same song they are able to play it on their phone. I tried looking it up and everything on Google doesn’t work.,7,0,7,repetition,same song
6070,Apple App Store,AU,5,"Spotify is an amazing listening app, great for all genres, best & fav app I’ve installed , podcasts, videos, music! 100% recommend!!",7,0,7,"discovery,recommendation","genres,recommend"
6903,Apple App Store,SG,5,"Always love the recommendation playlist and the updates of musics.

Just a small feedback: the recent icon updates feel so dated. For mobile UI design. Look like a mistake.",7,0,7,"recommendation,playlist","playlist,recommendation"
3660,Google Play,IN,4,should've never introduced the shuffle mode.. with the songs not in the playlist for common users... so hard for streaming songs....,6,1,7,playlist,"playlist,shuffle"
6162,Apple App Store,AU,4,"Been enjoying the streaming platform for almost a decade, curated and found connections with others through music. However, I can’t stand what the owner supports and funds over supporting the indie artists.",6,1,7,artist,"artists,indie"
6917,Apple App Store,SG,4,"I've been using this app since 2013, and the prices kept soaring. AI content started polluting the libraries and the interface is becoming clunkier with every update. 

Lately, I've been having connectivity issues exclusive to this app.
It's making accessing the music library or downloaded content difficult. I wonder if it's just me? 

I think the changes made on playlist sorting and radio has improved a lot though.",6,1,7,playlist,"playlist,radio"
6918,Apple App Store,SG,4,Spotify is great and u can play music in the car w it and create playlist the only thing i dont really like is it doesn’t work on like games some of them it cancels out the song ur listening to but i really recommend this app!,6,1,7,"recommendation,playlist","playlist,recommend"
2777,Google Play,IN,3,"Good variety, price increases are annoying.",5,2,7,discovery,variety
2887,Google Play,IN,3,"UI is not good at all , no new song recommendations ( very important) . 💘🦴🦴🦴🦴🦴🦴💩💩💩💩💩🥳🇺🇲🇯🇵🦞🦐",5,2,7,recommendation,recommendations
3076,Google Play,IN,3,the app is good it's just that the song recommendations n the frequent ads make it difficult to enjoy it.,5,2,7,recommendation,recommendations
3368,Google Play,IN,3,"I have premium, and I genuinely enjoy the app, but I am struggling to find songs that have been confirmed released on this platform, maybe its my region, but no information online says that certain songs arent avaliable in my country, and when I tried to find a song on the album it did not show up even though it is posted there on other's devices on the same app, maybe its a device problem but I warn others that if you want to be able to find every singulsr song to not go with this app.",5,2,7,discovery,find songs
3924,Google Play,IN,3,"Since my original review of 2021, some things have deteriorated compared to other streaming services. Recommendation system feels more like the Last.Fm of early days Internet now. And the sound quality ... Why do you compress everything so much? Where is the dynamic range? People have better equimpent now, the connection speeds are better. Oh, and the dark theme. Have you heard of people with astigmatism (like half of the population)? You have enough money to improve",5,2,7,recommendation,recommendation
5384,Apple App Store,US,3,It has my favorite music. It switches to a different music and it doesn’t go on the order.,5,2,7,discovery,different music
5700,Apple App Store,AU,3,What’s with the out of plays? What do you mean ive used up my songs and now have to listen to your recommendations. Never heard of a music app that doesn’t let you choose your own songs without having to pay. Whats the point.,5,2,7,recommendation,recommendations
5737,Apple App Store,AU,3,Could be better I feel they recycle a lot of songs where YouTube music recommends a lot more variety,5,2,7,discovery,variety
76,Google Play,IN,5,nice just wish i could lissen to my music without shuffle with no premium,6,0,6,"playlist,personalization","my music,shuffle"
576,Google Play,IN,5,love making my.own Playlist and the song radio feature to find similar music.,6,0,6,playlist,"playlist,radio"
1123,Google Play,IN,5,Great selection and new music,6,0,6,discovery,new music
2045,Google Play,IN,5,this app is completely perfect somebody just said you only get sick skips per hour and that they put stuff on your playlists to recommend things but they don't it's perfectly fine,6,0,6,"recommendation,playlist","playlists,recommend"
2437,Google Play,IN,5,super tired new songs🎵 thanks,6,0,6,discovery,new songs
3600,Google Play,IN,5,the only way I listen to music today I have given up my local radio stations and solely listen to this for all my music needs!!!!,6,0,6,"playlist,personalization","my music,radio"
4519,Google Play,IN,5,"Best ever online & offline all ganre music player, at a very cheap cost. For only 3 usd pm you can enjoy ur own music choice. They can also create daily mixes based on ur history playlist...absolute great!! I wonder why it took me so long...i recommend 110%. One you pay not even a single ad pops up",6,0,6,"recommendation,playlist","playlist,recommend"
4908,Google Play,IN,5,"I rate Spotify. Been using it for many years. I pay for it so I can't speak to the unpaid side of things, but if you like music (and podcasts) it's easy to use, very accessible and no real hidden costs once you sign up. Pretty much has everything you need, and good Ai integrations for finding similar music, you searching for new music. I use it on a daily.",6,0,6,discovery,new music
5099,Apple App Store,US,5,"This app is really good and has tons of songs, audio books and podcasts. You can create playlists so you get to listen to all of your favorite songs without having to put them on queue. I would definitely recommend this app! Have a good day!!❤️⭐️😀",6,0,6,"recommendation,playlist","playlists,recommend"
5265,Apple App Store,US,5,I listen to smooth jazz everyday while I work. It sets the pace and the tone for the day. Spotify has every title that I am interested in and introduces me to new music too. Can’t start my day without it.,6,0,6,discovery,new music
5389,Apple App Store,US,5,"I love l can find the songs l like and new ones, it also plays out of the app which is nice, you can make more than one playlist, and you can listen to your playlist while doing something or put it on shuffle to add uniqueness to it when you want, overall l generally like the app for all the things you can do with it, l just wish it worked without internet but the good overweights the bad so it’s a very good app in my opinion",6,0,6,playlist,"playlist,shuffle"
5397,Apple App Store,US,5,"This app really helps me open my horizons to new music, but please add back free song skips and letting us pick out songs without premium. It’s really annoying because premium is so expensive.",6,0,6,discovery,new music
5481,Apple App Store,US,5,Put 6 peak Deltarune songs on a playlist then used shuffle and listened for 12 hours,6,0,6,playlist,"playlist,shuffle"
5944,Apple App Store,AU,5,I love that it suggests new music. I have so much more music that I enjoy to choose from now.,6,0,6,discovery,new music
5968,Apple App Store,AU,5,Wrapped should ALWAYS have the number of new songs we listened to that year,6,0,6,discovery,new songs
6199,Apple App Store,CA,5,I am a big fan of music and I’d have to say this is way cheaper and way better than the music app.it really makes me feel joy and I love learning new music that pops up after my song I put  in and this app makes me comfortably happy and I will never ever use a different all other than this one. To the creators of Spotify.,6,0,6,discovery,new music
6320,Apple App Store,CA,5,Dj really good and helps me find new songs that i like,6,0,6,discovery,new songs
6358,Apple App Store,CA,5,"So happy with this service!  I enjoy the fact that I can listen to amazing hits at anytime I want too! Thank you Spotify! Misic for any mood, any event, anything and everything!  All different types of genres tooo! I listen to music literally ALL day, EVERY day! So this is perfect! A very happy customer here!  Will be paying whatever I need to keep this service! 😎😜",6,0,6,"discovery,personalization","genres,mood"
6372,Apple App Store,CA,5,Just love all the songs and playlist from least greatest songs are amazing and I’m just so happy I used Spotify thank you Spotify recommended,6,0,6,"recommendation,playlist","playlist,recommended"
208,Google Play,IN,4,"Very good quality of music and a very wide variety. But a lot, and I mean a lot, of adds.",5,1,6,discovery,variety
1300,Google Play,IN,4,The recommendations are crazzzzzzzzy. it's like diving into your head and playing WHAT YOU WANT 🥰 if it was free I would have gave it a 5star 😂 but the premium is worth every penny,5,1,6,recommendation,recommendations
1482,Google Play,IN,4,"Spotify has a great music library and a user-friendly interface, making it easy to discover and enjoy music. However, the free version has far too many ads. The advertisements are too frequent and interrupt the listening experience, making it frustrating to use. Reducing the number of ads or spacing them out better would greatly improve the app. Overall, it's a good platform, but the excessive ads are a major downside.",5,1,6,discovery,discover
3179,Google Play,IN,4,"very average audio quality for the subscription fees, more of making music social than actually caring about sound quality, however, like the variety of songs.",5,1,6,discovery,variety
5031,Apple App Store,US,4,You should give 1 ad every 1 hour on Spotify bc a lot of people are switching to different music platforms bc of to many adds.,5,1,6,discovery,different music
5917,Apple App Store,AU,4,There is too many advertisements at one time. Otherwise there is a large variety of music and podcasts.,5,1,6,discovery,variety
6580,Apple App Store,CA,4,Easy to use and find songs!,5,1,6,discovery,find songs
6721,Apple App Store,NZ,4,"I really enjoy Spotify and the variety it contains. The only thing I don’t understand is, if I am paying premium prices, I still am limited to x amount of hours of audiobook hours?!",5,1,6,discovery,variety
21,Google Play,IN,5,it has a variety of songs,5,0,5,discovery,variety
364,Google Play,IN,5,let's me find songs I love,5,0,5,discovery,find songs
621,Google Play,IN,5,such a good app. Creates a Playlist for my every mood. Enjoying it a lot,5,0,5,"playlist,personalization","mood,playlist"
655,Google Play,IN,5,Fantastic music streaming app with excellent recommendations and a huge music library.,5,0,5,recommendation,recommendations
817,Google Play,IN,5,"Spotify has an incredible music library with playlists for every mood. The app is easy to use, and the sound quality is excellent. I enjoy using it every day.",5,0,5,"playlist,personalization","mood,playlists"
841,Google Play,IN,5,"Amazing experience ✨ smooth streaming, great recommendations, and I can listen anywhere without hassle!",5,0,5,recommendation,recommendations
1478,Google Play,IN,5,Spotify has an amazing music library and personalized playlists. The app is easy to use and the sound quality is excellent.,5,0,5,"recommendation,playlist","personalized,playlists"
1503,Google Play,IN,5,I'm very much satisfied with personal recommendation of Spotify which is desirable from other music apps,5,0,5,recommendation,recommendation
1859,Google Play,IN,5,Great variety! Great choices!,5,0,5,discovery,variety
1971,Google Play,IN,5,"They found every song I asked for even Hallucination, by the Castor Bunch. The only song they couldn't find was ""Hard to say"" by Son by Four, but nobody else can find it either so a 99% ability to find songs is pretty good.",5,0,5,discovery,find songs
2058,Google Play,IN,5,"Thank you Spotify, for all the years of discovery, and harmonic joy that resonate to eternity.",5,0,5,discovery,discovery
2373,Google Play,IN,5,great music n variety,5,0,5,discovery,variety
2494,Google Play,IN,5,"outstanding variety of music, podcasts etc. My go to for ""me time"".",5,0,5,discovery,variety
2654,Google Play,IN,5,I like my list and the variety it offers,5,0,5,discovery,variety
2690,Google Play,IN,5,"Still one of the Best Streaming app,but can provide Loseless audio in Standard Plan I feel,The recommendations is superb,I like The Jam feature a lot,Overall Best Music streaming Platform❤️",5,0,5,recommendation,recommendations
2898,Google Play,IN,5,Amazing music streaming app with a huge collection of songs and personalized playlists.,5,0,5,"recommendation,playlist","personalized,playlists"
3016,Google Play,IN,5,"variety of music, can create and upload your own also",5,0,5,discovery,variety
3202,Google Play,IN,5,The best music streaming app with an amazing library and personalized playlists. The sound quality is excellent.,5,0,5,"recommendation,playlist","personalized,playlists"
3428,Google Play,IN,5,The app is easy to use and quickly recognises my music tastes and recommends songs within the same genres. Just amazing,5,0,5,"discovery,personalization","genres,my music"
3530,Google Play,IN,5,"Spotify is the true definition of right place right time. The App is truly remarkable and then premium is very negotiable. Best recommendation for music,prodcast and audio books. Thanks to the team We truly appreciate you. Spotify is the right place to be Trust me ✌️",5,0,5,recommendation,recommendation
3566,Google Play,IN,5,love the different variety of music that Spotify has to offer,5,0,5,discovery,variety
3769,Google Play,IN,5,"Spotify offers a large music library, personalized playlists, and podcasts. The free version includes advertisements, while premium provides a better listening experience.",5,0,5,"recommendation,playlist","personalized,playlists"
4024,Google Play,IN,5,good application it required variety of songs with affordable subscription packs,5,0,5,discovery,variety
4197,Google Play,IN,5,The app is amazing I use it all the time.There are a lot of different music styles to choose from.,5,0,5,discovery,different music
4279,Google Play,IN,5,I love the diversity of music I can get anytime,5,0,5,discovery,diversity
4286,Google Play,IN,5,"I Love The Variety Of Music, From Old School To Present Day.",5,0,5,discovery,variety
4366,Google Play,IN,5,"large variety of songs to pick from, very little ads, you don't have to pay unless you want ad free. overall the only app i would use for music.",5,0,5,discovery,variety
4663,Google Play,IN,5,perfect experience and recommendations,5,0,5,recommendation,recommendations
5165,Apple App Store,US,5,"I think Spotify is really good to listen to music when it comes up to wanting to listen to music. One thing I hate about Spotify it’s when you try to find songs but don’t know the name, it gives you the opposite of the damn song. But besides that, everything is good. 5 starts",5,0,5,discovery,find songs
5218,Apple App Store,US,5,i have had this app for a while and it has like EVERY song you could ask for. i switched from apple music to this awhile ago and there was so much more variety :),5,0,5,discovery,variety
5235,Apple App Store,US,5,Love the selection and variety of music.,5,0,5,discovery,variety
5699,Apple App Store,AU,5,Great music access and wide variety,5,0,5,discovery,variety
5761,Apple App Store,AU,5,Very wide variety of absolute Korn classics. I haven’t seen my family since last October because of it. It’s like an addiction I can’t wait to get my next hit. Listening to Korn is my only way of life now. I don’t know what I would do without. I don’t what.,5,0,5,discovery,variety
5933,Apple App Store,AU,5,Okay so yes Spotify is so much better with the premium. As in my opinion I am one of those people that have a mixed playlist like some of them are romance or depressing etc. and I just skip a lot of my songs to find the songs that fit my mood and like without premium I am not able to skip that much. And I love music so yes it is worth it and I have been using Spotify for YEARS now,5,0,5,"playlist,personalization","mood,playlist"
5997,Apple App Store,AU,5,"Love it so much, so much diversity of music. It’s great!",5,0,5,discovery,diversity
6553,Apple App Store,CA,5,Spotify is my fave music app cause it connects me to the artists and genres I love and makes music a community based experience.,5,0,5,"discovery,artist","artists,genres"
6695,Apple App Store,CA,5,"Spotify is the only place to get decent music, a variety of everything!",5,0,5,discovery,variety
